Timestamp,Date,Time,Vertical,Crab Legolas PTS,Crab Legolas PROJ,Crab Legolas WPCT,Two Minute Excadrill PTS,Two Minute Excadrill PROJ,Two Minute Excadrill WPCT,Island of Misfit Boys PTS,Island of Misfit Boys PROJ,Island of Misfit Boys WPCT,Neon Cactus TNF PTS,Neon Cactus TNF PROJ,Neon Cactus TNF WPCT,The Mania PTS,The Mania PROJ,The Mania WPCT,Mean Bean Disappointments PTS,Mean Bean Disappointments PROJ,Mean Bean Disappointments WPCT,NoRtHwEsTeRn WaLk SiGn PTS,NoRtHwEsTeRn WaLk SiGn PROJ,NoRtHwEsTeRn WaLk SiGn WPCT,Sandbaggers PTS,Sandbaggers PROJ,Sandbaggers WPCT,Jake the Dog PTS,Jake the Dog PROJ,Jake the Dog WPCT,Carrie's Quads PTS,Carrie's Quads PROJ,Carrie's Quads WPCT,The Chop Block PTS,The Chop Block PROJ,The Chop Block WPCT,Third Down Syndrome PTS,Third Down Syndrome PROJ,Third Down Syndrome WPCT
1759452753,2025-10-02,17:52:33,,0.00,108.58,0.52,0.00,111.93,0.63,15.30,108.67,0.75,0.00,123.92,0.64,0.20,108.24,0.42999999999999994,0.00,80.87,0.32999999999999996,0.00,92.78,0.25,0.00,111.29,0.5700000000000001,1.00,117.32,0.36,0.00,99.21,0.37,1.00,110.09,0.48,1.30,99.68,0.67
1759453055,2025-10-02,17:57:35,,0.00,108.58,0.51,0.00,111.93,0.63,15.30,108.67,0.74,0.00,123.92,0.65,0.96,108.24,0.42999999999999994,0.00,80.87,0.32000000000000006,0.00,92.78,0.26,0.00,111.29,0.5700000000000001,1.00,117.32,0.35,0.00,99.21,0.37,3.90,110.09,0.49,2.60,99.68,0.6799999999999999
1759453357,2025-10-02,18:02:37,,0.00,108.58,0.51,0.00,111.93,0.63,15.50,108.67,0.74,0.00,123.92,0.65,-1.04,108.24,0.4,0.00,80.87,0.32000000000000006,0.00,92.78,0.26,0.00,111.29,0.6,1.00,117.32,0.35,0.00,99.21,0.37,3.90,110.09,0.49,2.60,99.68,0.6799999999999999
1759453659,2025-10-02,18:07:39,,0.00,108.58,0.52,0.00,111.93,0.63,15.80,108.67,0.74,0.00,123.92,0.65,-1.04,108.24,0.4,0.00,80.87,0.32999999999999996,0.00,92.78,0.26,0.00,111.29,0.6,1.00,117.32,0.35,0.00,99.21,0.37,3.90,110.09,0.48,2.60,99.68,0.67
1759453962,2025-10-02,18:12:42,,0.00,108.58,0.52,0.00,111.93,0.63,15.80,108.67,0.73,0.00,122.98,0.64,1.36,108.24,0.42000000000000004,0.00,80.87,0.32000000000000006,0.00,92.78,0.27,0.00,111.29,0.58,1.00,117.32,0.36,0.00,99.21,0.37,3.90,110.09,0.48,3.70,99.68,0.6799999999999999
1759454264,2025-10-02,18:17:44,,0.00,108.58,0.53,0.00,111.93,0.63,15.80,108.67,0.73,0.00,122.98,0.64,6.36,108.24,0.45999999999999996,0.00,80.87,0.25,0.00,92.78,0.27,0.00,111.29,0.54,1.00,117.32,0.36,0.00,99.21,0.37,3.90,110.09,0.47,11.60,99.68,0.75
1759454566,2025-10-02,18:22:46,,0.00,108.58,0.53,0.00,111.93,0.63,15.80,108.67,0.73,0.00,122.98,0.64,6.36,108.24,0.45999999999999996,0.00,80.87,0.25,0.00,92.78,0.27,0.00,111.29,0.54,1.00,117.32,0.36,0.00,99.21,0.37,3.90,110.09,0.47,11.60,99.68,0.75
1759454868,2025-10-02,18:27:48,,0.00,108.58,0.54,0.00,111.93,0.63,16.60,108.67,0.73,0.00,122.98,0.64,6.36,108.24,0.45999999999999996,0.00,80.87,0.25,0.00,92.78,0.27,0.00,111.29,0.54,1.00,117.32,0.36,0.00,99.21,0.37,3.90,110.09,0.45999999999999996,11.60,99.68,0.75
1759455170,2025-10-02,18:32:50,,0.00,108.58,0.54,0.00,111.93,0.63,17.40,108.67,0.74,0.00,122.98,0.64,6.36,108.24,0.45999999999999996,0.00,80.87,0.25,0.00,92.78,0.26,0.00,111.29,0.54,1.00,117.32,0.36,0.00,99.21,0.37,3.90,110.09,0.45999999999999996,11.60,99.68,0.75
1759455472,2025-10-02,18:37:52,,0.00,108.58,0.54,0.00,111.93,0.63,17.40,108.67,0.74,0.00,122.98,0.64,6.36,108.24,0.45999999999999996,0.00,80.87,0.25,0.00,92.78,0.26,0.00,111.29,0.54,1.00,117.32,0.36,0.00,99.21,0.37,3.90,110.09,0.45999999999999996,11.60,99.68,0.75
1759455773,2025-10-02,18:42:53,,0.00,108.58,0.54,0.00,111.93,0.63,17.40,108.67,0.74,0.00,122.98,0.64,6.36,108.24,0.45999999999999996,0.00,80.87,0.25,0.00,92.78,0.26,0.00,111.29,0.54,1.00,117.32,0.36,0.00,99.21,0.37,3.90,110.09,0.45999999999999996,11.60,99.68,0.75
1759456077,2025-10-02,18:47:57,,0.00,108.46,0.53,0.00,112.00,0.63,17.40,108.53,0.74,0.00,123.00,0.64,7.32,108.16,0.45999999999999996,0.00,80.77,0.26,0.00,92.63,0.26,0.00,111.14,0.54,1.00,117.43,0.36,0.00,99.14,0.37,4.80,110.07,0.47,11.60,99.76,0.74
1759456379,2025-10-02,18:52:59,,0.00,108.46,0.53,0.00,112.00,0.63,17.40,108.53,0.73,0.00,123.00,0.64,7.32,108.16,0.45999999999999996,0.00,80.77,0.25,0.00,92.63,0.27,0.00,111.14,0.54,1.00,117.43,0.36,0.00,99.14,0.37,4.80,110.07,0.47,12.00,99.76,0.75
1759456681,2025-10-02,18:58:01,,0.00,108.46,0.54,0.00,112.00,0.63,17.90,108.53,0.73,0.00,123.00,0.64,7.32,108.16,0.44999999999999996,0.00,80.77,0.26,0.00,92.63,0.27,0.00,111.14,0.55,1.00,117.43,0.36,0.00,99.14,0.37,4.80,110.07,0.45999999999999996,12.00,99.76,0.74
1759456983,2025-10-02,19:03:03,,0.00,108.48,0.55,0.00,112.01,0.63,18.50,108.53,0.72,0.00,122.99,0.64,7.32,108.16,0.44999999999999996,0.00,80.73,0.26,0.00,92.63,0.28,0.00,111.15,0.55,1.00,117.43,0.36,0.00,99.12,0.37,4.80,110.09,0.44999999999999996,12.00,99.77,0.74
1759457284,2025-10-02,19:08:04,,0.00,108.48,0.55,0.00,112.01,0.63,18.40,108.53,0.72,0.00,122.99,0.64,7.32,108.16,0.44999999999999996,0.00,80.73,0.26,0.00,92.63,0.28,0.00,111.15,0.55,1.00,117.43,0.36,0.00,99.12,0.37,4.80,110.09,0.44999999999999996,12.00,99.77,0.74
1759457586,2025-10-02,19:13:06,,0.00,108.48,0.44999999999999996,0.00,112.01,0.63,18.40,108.53,0.72,0.00,122.99,0.64,13.80,108.16,0.5,0.00,80.73,0.26,0.00,92.63,0.28,0.00,111.15,0.5,1.00,117.43,0.36,0.00,99.12,0.37,15.10,110.09,0.55,12.70,99.77,0.74
1759457888,2025-10-02,19:18:08,,0.00,108.48,0.44999999999999996,0.00,112.01,0.63,18.40,108.53,0.72,0.00,122.99,0.64,13.80,108.16,0.5,0.00,80.73,0.26,0.00,92.63,0.28,0.00,111.15,0.5,1.00,117.43,0.36,0.00,99.12,0.37,15.10,110.09,0.55,12.70,99.77,0.74
1759458191,2025-10-02,19:23:11,,0.00,108.48,0.45999999999999996,0.00,112.01,0.63,18.40,108.53,0.71,0.00,122.99,0.64,13.80,108.16,0.5,0.00,80.73,0.27,0.00,92.63,0.29000000000000004,0.00,111.15,0.5,1.00,117.43,0.36,0.00,99.12,0.37,15.10,110.09,0.54,12.70,99.77,0.73
1759458493,2025-10-02,19:28:13,,0.00,108.48,0.45999999999999996,0.00,112.01,0.63,18.60,108.53,0.71,0.00,122.99,0.65,13.80,108.16,0.49,0.00,80.73,0.27,0.00,92.63,0.29000000000000004,0.00,111.15,0.51,1.00,117.43,0.35,0.00,99.12,0.37,15.10,110.09,0.54,12.70,99.77,0.73
1759458795,2025-10-02,19:33:15,,0.00,108.48,0.45999999999999996,0.00,112.01,0.63,18.60,108.53,0.7,0.00,122.99,0.65,14.68,108.16,0.49,0.00,80.73,0.26,0.00,92.63,0.30000000000000004,0.00,111.15,0.51,1.00,117.43,0.35,0.00,99.12,0.37,16.50,110.09,0.54,14.40,99.77,0.74
1759459097,2025-10-02,19:38:17,,0.00,108.48,0.45999999999999996,0.00,112.01,0.63,18.50,108.53,0.69,0.00,122.99,0.65,21.00,108.16,0.56,0.00,80.73,0.19999999999999996,0.00,92.63,0.31000000000000005,0.00,111.15,0.43999999999999995,1.00,117.43,0.35,0.00,99.12,0.37,16.50,110.09,0.54,21.70,99.77,0.8
1759459399,2025-10-02,19:43:19,,0.00,108.48,0.47,0.00,112.01,0.63,18.50,108.53,0.69,0.00,122.99,0.65,21.00,108.16,0.56,0.00,80.73,0.19999999999999996,0.00,92.63,0.31000000000000005,0.00,111.15,0.43999999999999995,1.00,117.43,0.35,0.00,99.12,0.37,16.50,110.09,0.53,21.70,99.77,0.8
1759459701,2025-10-02,19:48:21,,0.00,108.63,0.47,0.00,112.10,0.63,18.50,108.52,0.6799999999999999,0.00,122.99,0.65,21.36,108.12,0.56,0.00,80.77,0.19999999999999996,0.00,92.66,0.32000000000000006,0.00,111.16,0.43999999999999995,1.00,117.38,0.35,0.00,99.09,0.37,16.50,110.17,0.53,21.70,99.75,0.8
1759460005,2025-10-02,19:53:25,,0.00,108.63,0.48,0.00,112.10,0.63,18.50,108.52,0.6799999999999999,0.00,122.99,0.65,21.36,108.12,0.56,0.00,80.77,0.20999999999999996,0.00,92.66,0.32000000000000006,0.00,111.16,0.43999999999999995,1.00,117.38,0.35,0.00,99.09,0.37,16.50,110.17,0.52,21.70,99.75,0.79
1759460307,2025-10-02,19:58:27,,0.00,108.63,0.49,0.00,112.10,0.63,20.60,108.52,0.69,0.00,122.99,0.65,21.36,108.12,0.54,0.00,80.77,0.20999999999999996,0.00,92.66,0.31000000000000005,0.00,111.16,0.45999999999999996,1.00,117.38,0.35,0.00,99.09,0.37,16.50,110.17,0.51,21.70,99.75,0.79
1759460609,2025-10-02,20:03:29,,0.00,108.63,0.47,0.00,112.10,0.63,20.60,108.52,0.69,0.00,122.99,0.66,23.52,108.12,0.56,0.00,80.77,0.20999999999999996,0.00,92.66,0.31000000000000005,0.00,111.16,0.43999999999999995,0.00,117.38,0.33999999999999997,0.00,99.09,0.37,18.10,110.17,0.53,21.70,99.75,0.79
1759460911,2025-10-02,20:08:31,,0.00,108.63,0.47,0.00,112.10,0.63,20.60,108.52,0.6799999999999999,0.00,122.99,0.66,23.52,108.12,0.55,0.00,80.77,0.19999999999999996,0.00,92.66,0.32000000000000006,0.00,111.16,0.44999999999999996,0.00,117.38,0.33999999999999997,0.00,99.09,0.37,18.10,110.17,0.53,24.10,99.75,0.8
1759461213,2025-10-02,20:13:33,,0.00,108.63,0.47,0.00,112.10,0.63,20.70,108.52,0.6799999999999999,0.00,122.99,0.66,23.52,108.12,0.55,0.00,80.77,0.20999999999999996,0.00,92.66,0.32000000000000006,0.00,111.16,0.44999999999999996,0.00,117.38,0.33999999999999997,0.00,99.09,0.37,18.10,110.17,0.53,22.20,99.75,0.79
1759461515,2025-10-02,20:18:35,,0.00,108.63,0.48,0.00,112.10,0.63,20.70,108.52,0.6799999999999999,0.00,122.99,0.66,24.32,108.12,0.56,0.00,80.77,0.18999999999999995,0.00,92.66,0.32000000000000006,0.00,111.16,0.43999999999999995,0.00,117.38,0.33999999999999997,0.00,99.09,0.37,18.10,110.17,0.52,25.20,99.75,0.81
1759461818,2025-10-02,20:23:38,,0.00,108.63,0.48,0.00,112.10,0.63,20.70,108.52,0.6799999999999999,0.00,122.99,0.66,24.32,108.12,0.56,0.00,80.77,0.18999999999999995,0.00,92.66,0.32000000000000006,0.00,111.16,0.43999999999999995,0.00,117.38,0.33999999999999997,0.00,99.09,0.37,18.10,110.17,0.52,25.20,99.75,0.81
1759462120,2025-10-02,20:28:40,,0.00,108.63,0.44999999999999996,0.00,112.10,0.63,22.70,108.52,0.73,0.00,122.99,0.66,24.32,108.12,0.58,0.00,80.77,0.17999999999999994,0.00,92.66,0.27,0.00,111.16,0.42000000000000004,0.00,117.38,0.33999999999999997,0.00,99.09,0.37,18.10,110.17,0.55,25.20,99.75,0.8200000000000001
1759462422,2025-10-02,20:33:42,,0.00,108.63,0.43999999999999995,0.00,112.10,0.63,23.90,108.52,0.73,0.00,122.99,0.64,26.20,108.12,0.6,0.00,80.77,0.17999999999999994,0.00,92.66,0.27,0.00,111.16,0.4,2.00,117.38,0.36,0.00,99.09,0.37,19.50,110.17,0.56,25.20,99.75,0.8200000000000001
1759462724,2025-10-02,20:38:44,,0.00,108.63,0.44999999999999996,0.00,112.10,0.63,23.90,108.52,0.72,0.00,122.99,0.64,26.56,108.12,0.6,0.00,80.77,0.16999999999999993,0.00,92.66,0.28,0.00,111.16,0.4,2.00,117.38,0.36,0.00,99.09,0.37,19.50,110.17,0.55,27.10,99.75,0.8300000000000001
1759463026,2025-10-02,20:43:46,1,0.00,108.63,0.45999999999999996,0.00,112.10,0.63,23.90,108.52,0.71,0.00,122.99,0.64,26.56,108.12,0.58,0.00,80.77,0.16999999999999993,0.00,92.66,0.29000000000000004,0.00,111.16,0.42000000000000004,2.00,117.38,0.36,0.00,99.09,0.37,19.50,110.17,0.54,27.10,99.75,0.8300000000000001
1759671272,2025-10-05,06:34:32,,0.00,100.21,0.33999999999999997,0.00,113.46,0.62,23.90,109.31,0.6799999999999999,0.40,123.99,0.66,36.56,107.42,0.58,10.00,93.96,0.30000000000000004,0.00,96.89,0.32000000000000006,0.00,110.69,0.42000000000000004,2.00,117.00,0.33999999999999997,0.00,101.41,0.38,19.50,112.10,0.66,27.10,98.67,0.7
1759671574,2025-10-05,06:39:34,,0.00,100.21,0.33999999999999997,0.00,113.46,0.62,25.30,109.31,0.67,0.50,123.99,0.65,36.56,107.42,0.58,10.80,93.96,0.29000000000000004,1.70,96.89,0.32999999999999996,0.00,110.69,0.42000000000000004,2.00,117.00,0.35,0.00,101.41,0.38,19.50,112.10,0.66,28.70,98.67,0.71
1759671877,2025-10-05,06:44:37,,0.00,100.21,0.33999999999999997,0.00,113.46,0.62,25.30,109.31,0.67,3.70,123.99,0.6799999999999999,36.56,107.42,0.58,13.80,93.96,0.32000000000000006,1.70,96.89,0.32999999999999996,0.00,110.69,0.42000000000000004,2.00,117.00,0.32000000000000006,0.00,101.41,0.38,19.50,112.10,0.66,28.70,98.67,0.6799999999999999
1759672179,2025-10-05,06:49:39,,0.00,100.17,0.33999999999999997,0.00,113.39,0.62,25.30,109.30,0.67,4.80,124.07,0.69,30.56,107.44,0.52,13.80,93.86,0.32000000000000006,1.70,96.96,0.32999999999999996,0.00,110.67,0.48,2.00,116.97,0.31000000000000005,0.00,101.37,0.38,19.50,112.22,0.66,28.70,98.66,0.6799999999999999
1759672482,2025-10-05,06:54:42,,0.00,100.17,0.33999999999999997,0.00,113.39,0.62,25.30,109.30,0.67,4.80,124.07,0.69,30.56,107.44,0.52,13.80,93.86,0.31000000000000005,1.70,96.96,0.32999999999999996,0.00,110.67,0.48,2.00,116.97,0.31000000000000005,0.00,101.37,0.38,19.50,112.22,0.66,28.70,98.66,0.69
1759672784,2025-10-05,06:59:44,,0.00,100.17,0.33999999999999997,0.00,113.39,0.62,26.30,109.30,0.69,4.80,124.07,0.6799999999999999,30.56,107.44,0.52,9.88,93.86,0.24,1.70,96.96,0.31000000000000005,0.00,110.67,0.48,2.00,116.97,0.32000000000000006,0.00,101.37,0.38,19.50,112.22,0.66,32.40,98.66,0.76
1759673087,2025-10-05,07:04:47,,0.00,100.17,0.33999999999999997,0.00,113.37,0.62,26.30,109.31,0.69,4.80,124.07,0.67,30.56,107.46,0.52,9.88,93.86,0.24,1.70,96.96,0.31000000000000005,0.00,110.69,0.48,2.00,116.98,0.32999999999999996,0.00,101.39,0.38,19.50,112.18,0.66,32.40,98.67,0.76
1759673390,2025-10-05,07:09:50,,0.00,100.17,0.33999999999999997,0.00,113.37,0.62,26.30,109.31,0.69,4.80,124.07,0.67,30.56,107.46,0.52,9.88,93.86,0.24,1.70,96.96,0.31000000000000005,0.00,110.69,0.48,2.00,116.98,0.32999999999999996,0.00,101.39,0.38,19.50,112.18,0.66,32.40,98.67,0.76
1759673693,2025-10-05,07:14:53,,0.00,100.17,0.33999999999999997,0.00,113.37,0.62,26.30,109.31,0.67,4.80,124.07,0.67,30.56,107.46,0.52,9.88,93.86,0.24,3.30,96.96,0.32999999999999996,0.00,110.69,0.48,2.00,116.98,0.32999999999999996,0.00,101.39,0.38,19.50,112.18,0.66,32.40,98.67,0.76
1759673995,2025-10-05,07:19:55,,0.00,100.17,0.33999999999999997,0.00,113.37,0.62,26.30,109.30,0.67,4.80,124.06,0.67,30.56,107.46,0.52,9.92,93.86,0.22999999999999998,3.30,96.96,0.32999999999999996,0.00,110.69,0.48,2.00,116.98,0.32999999999999996,0.00,101.39,0.38,19.50,112.56,0.66,32.40,98.67,0.77
1759674298,2025-10-05,07:24:58,,0.00,100.17,0.33999999999999997,0.00,113.37,0.62,26.30,109.30,0.67,4.80,124.06,0.66,30.56,107.46,0.52,9.92,93.86,0.22999999999999998,3.40,96.96,0.32999999999999996,0.00,110.69,0.48,2.00,116.98,0.33999999999999997,0.00,101.39,0.38,19.50,112.56,0.66,32.40,98.67,0.77
1759674600,2025-10-05,07:30:00,,0.00,100.17,0.33999999999999997,0.00,113.37,0.62,26.30,109.30,0.67,4.80,124.06,0.66,30.56,107.46,0.52,9.92,93.86,0.22999999999999998,3.40,96.96,0.32999999999999996,0.00,110.69,0.48,2.00,116.98,0.33999999999999997,0.00,101.39,0.38,19.50,112.56,0.66,32.40,98.67,0.77
1759674903,2025-10-05,07:35:03,,0.00,100.17,0.33999999999999997,0.00,113.37,0.62,26.30,109.30,0.67,5.10,124.06,0.66,32.56,107.46,0.54,10.42,93.86,0.22999999999999998,3.40,96.96,0.32999999999999996,0.00,110.69,0.45999999999999996,2.00,116.98,0.33999999999999997,0.00,101.39,0.38,19.50,112.56,0.66,32.40,98.67,0.77
1759675206,2025-10-05,07:40:06,,0.00,100.17,0.33999999999999997,0.00,113.37,0.62,26.30,109.30,0.67,5.10,124.06,0.66,32.56,107.46,0.54,10.42,93.86,0.22999999999999998,3.40,96.96,0.32999999999999996,0.00,110.69,0.45999999999999996,2.00,116.98,0.33999999999999997,0.00,101.39,0.38,19.50,112.56,0.66,32.40,98.67,0.77
1759675509,2025-10-05,07:45:09,,0.00,100.28,0.33999999999999997,0.00,113.43,0.62,26.30,109.36,0.67,5.10,124.20,0.65,32.56,107.54,0.53,11.12,93.76,0.22999999999999998,3.40,96.75,0.32999999999999996,0.00,110.87,0.47,2.00,117.04,0.35,0.00,101.45,0.38,19.50,112.59,0.66,32.40,98.69,0.77
1759675812,2025-10-05,07:50:12,,0.00,100.28,0.33999999999999997,0.00,113.43,0.62,26.30,109.36,0.67,5.10,124.20,0.65,32.56,107.54,0.53,11.12,93.76,0.22999999999999998,3.40,96.75,0.32999999999999996,0.00,110.87,0.47,2.00,117.04,0.35,0.00,101.45,0.38,19.50,112.59,0.66,32.40,98.69,0.77
1759676114,2025-10-05,07:55:14,,0.00,100.28,0.33999999999999997,0.00,113.43,0.62,26.30,109.36,0.65,5.10,124.20,0.65,32.56,107.54,0.53,11.12,93.76,0.22999999999999998,5.60,96.75,0.35,0.00,110.87,0.47,2.00,117.04,0.35,0.00,101.45,0.38,19.50,112.59,0.66,32.40,98.69,0.77
1759676416,2025-10-05,08:00:16,,0.00,100.28,0.33999999999999997,0.00,113.43,0.62,26.30,109.36,0.65,5.10,124.20,0.65,32.56,107.54,0.53,11.02,93.76,0.22999999999999998,5.60,96.75,0.35,0.00,110.87,0.47,2.00,117.04,0.35,0.00,101.45,0.38,19.50,112.59,0.66,32.40,98.69,0.77
1759676719,2025-10-05,08:05:19,,0.00,100.28,0.33999999999999997,0.00,113.43,0.62,26.30,109.36,0.65,5.10,124.20,0.65,32.56,107.54,0.53,11.02,93.76,0.22999999999999998,5.60,96.75,0.35,0.00,110.87,0.47,2.00,117.04,0.35,0.00,101.45,0.38,19.50,112.59,0.66,32.40,98.69,0.77
1759677022,2025-10-05,08:10:22,,0.00,100.28,0.33999999999999997,0.00,113.43,0.62,26.30,109.36,0.65,5.10,124.20,0.65,32.56,107.54,0.53,11.02,93.76,0.22999999999999998,5.60,96.75,0.35,0.00,110.87,0.47,2.00,117.04,0.35,0.00,101.45,0.38,19.50,112.59,0.66,32.40,98.69,0.77
1759677324,2025-10-05,08:15:24,,0.00,100.28,0.33999999999999997,0.00,113.43,0.62,26.30,109.33,0.65,5.10,124.19,0.65,32.56,107.54,0.53,11.02,93.76,0.22999999999999998,5.60,96.72,0.35,0.00,110.83,0.47,2.00,117.04,0.35,0.00,101.45,0.38,19.50,112.59,0.66,32.40,98.68,0.77
1759677627,2025-10-05,08:20:27,,0.00,100.28,0.33999999999999997,0.00,113.43,0.62,26.30,109.33,0.65,5.10,124.19,0.65,32.56,107.54,0.53,12.46,93.76,0.21999999999999997,5.60,96.72,0.35,0.00,110.83,0.47,2.00,117.04,0.35,0.00,101.45,0.38,19.50,112.59,0.66,35.00,98.68,0.78
1759677929,2025-10-05,08:25:29,,0.00,100.28,0.33999999999999997,0.00,113.43,0.62,26.30,109.33,0.65,5.10,124.19,0.64,32.56,107.54,0.53,9.58,93.76,0.18999999999999995,5.60,96.72,0.35,0.00,110.83,0.47,2.00,117.04,0.36,0.00,101.45,0.38,19.50,112.59,0.66,35.00,98.68,0.81
1759678232,2025-10-05,08:30:32,,0.00,100.28,0.33999999999999997,0.00,113.43,0.62,26.30,109.35,0.65,7.50,124.19,0.67,32.56,107.54,0.53,9.58,93.81,0.18999999999999995,5.60,96.77,0.35,0.00,110.83,0.47,2.00,117.04,0.32999999999999996,0.00,101.45,0.38,19.50,112.59,0.66,35.00,98.69,0.81
1759678535,2025-10-05,08:35:35,,0.00,100.28,0.33999999999999997,0.00,113.43,0.62,26.30,109.35,0.64,10.30,124.19,0.6799999999999999,32.56,107.54,0.53,9.58,93.81,0.18999999999999995,6.70,96.77,0.36,0.00,110.83,0.47,2.00,117.04,0.32000000000000006,0.00,101.45,0.38,19.50,112.59,0.66,35.00,98.69,0.81
1759678838,2025-10-05,08:40:38,,0.00,100.28,0.33999999999999997,0.00,113.43,0.62,26.30,109.35,0.55,10.30,124.19,0.67,29.56,107.54,0.5,11.58,93.81,0.19999999999999996,14.10,96.77,0.44999999999999996,0.00,110.83,0.5,2.00,117.04,0.32999999999999996,0.00,101.45,0.38,19.50,112.59,0.66,35.00,98.69,0.8
1759679140,2025-10-05,08:45:40,,0.00,97.08,0.31000000000000005,0.00,113.56,0.61,26.30,109.67,0.56,10.30,123.91,0.67,29.56,107.44,0.5,11.82,93.84,0.19999999999999996,14.10,96.82,0.43999999999999995,0.00,110.73,0.5,2.00,116.92,0.32999999999999996,0.00,102.65,0.39,19.50,112.50,0.69,35.00,98.48,0.8
1759679443,2025-10-05,08:50:43,,0.00,97.08,0.31000000000000005,0.00,113.56,0.61,26.30,109.67,0.56,11.20,123.91,0.69,29.56,107.44,0.5,11.82,93.84,0.19999999999999996,14.10,96.82,0.43999999999999995,0.00,110.73,0.5,2.00,116.92,0.31000000000000005,0.00,102.65,0.39,19.50,112.50,0.69,35.00,98.48,0.8
1759679746,2025-10-05,08:55:46,,0.00,97.08,0.31000000000000005,0.00,113.56,0.61,26.30,109.67,0.56,11.20,123.91,0.6799999999999999,29.56,107.44,0.5,14.82,93.84,0.22999999999999998,14.10,96.82,0.43999999999999995,0.00,110.73,0.5,2.00,116.92,0.32000000000000006,0.00,102.65,0.39,19.50,112.50,0.69,35.00,98.48,0.77
1759680051,2025-10-05,09:00:51,,0.00,97.05,0.31000000000000005,0.00,113.58,0.6,26.30,109.73,0.56,11.80,124.02,0.69,31.56,107.44,0.52,14.82,93.93,0.22999999999999998,14.10,96.79,0.43999999999999995,0.00,110.73,0.48,2.00,116.91,0.31000000000000005,0.00,103.27,0.4,19.50,112.50,0.69,35.00,98.38,0.77
1759680353,2025-10-05,09:05:53,,0.00,97.05,0.31000000000000005,0.00,113.58,0.6,26.30,109.73,0.56,11.80,124.02,0.6799999999999999,31.56,107.44,0.52,16.54,93.93,0.18999999999999995,14.10,96.79,0.43999999999999995,0.00,110.73,0.48,2.00,116.91,0.32000000000000006,0.00,103.27,0.4,19.50,112.50,0.69,41.30,98.38,0.81
1759680656,2025-10-05,09:10:56,,0.00,97.05,0.31000000000000005,0.00,113.58,0.6,26.30,109.73,0.56,11.80,124.02,0.6799999999999999,31.56,107.44,0.52,18.54,93.93,0.19999999999999996,14.10,96.79,0.43999999999999995,0.00,110.73,0.48,2.00,116.91,0.32000000000000006,0.00,103.27,0.4,19.50,112.50,0.69,41.30,98.38,0.8
1759680959,2025-10-05,09:15:59,,0.00,96.99,0.31000000000000005,0.00,113.57,0.6,26.30,109.75,0.54,14.50,124.17,0.69,31.56,107.40,0.52,18.54,94.54,0.20999999999999996,15.70,96.83,0.45999999999999996,0.00,110.67,0.48,2.00,116.94,0.31000000000000005,0.00,103.28,0.4,19.50,112.50,0.69,41.30,98.36,0.79
1759681262,2025-10-05,09:21:02,,0.00,96.99,0.31000000000000005,0.00,113.57,0.6,27.70,109.75,0.56,14.50,124.17,0.69,31.56,107.40,0.52,20.90,94.54,0.22999999999999998,15.70,96.83,0.43999999999999995,0.00,110.67,0.48,2.00,116.94,0.31000000000000005,0.00,103.28,0.4,19.50,112.50,0.69,41.30,98.36,0.77
1759681564,2025-10-05,09:26:04,,0.00,96.99,0.31000000000000005,0.00,113.57,0.6,27.70,109.75,0.56,14.30,124.17,0.69,31.56,107.40,0.52,20.90,94.54,0.21999999999999997,15.70,96.83,0.43999999999999995,0.00,110.67,0.48,2.00,116.94,0.31000000000000005,0.00,103.28,0.4,19.50,112.50,0.69,41.30,98.36,0.78
1759681867,2025-10-05,09:31:07,,0.00,96.99,0.31000000000000005,0.00,113.57,0.6,30.70,110.21,0.6,14.30,124.17,0.6799999999999999,31.56,107.40,0.52,22.66,94.54,0.20999999999999996,15.70,96.83,0.4,0.00,110.67,0.48,2.00,116.94,0.32000000000000006,0.00,103.28,0.4,19.50,112.50,0.69,43.90,98.33,0.79
1759682171,2025-10-05,09:36:11,,0.00,96.99,0.31000000000000005,0.00,113.57,0.6,30.70,110.21,0.6,14.30,124.17,0.6799999999999999,31.56,107.40,0.52,23.26,94.54,0.21999999999999997,15.70,96.83,0.4,0.00,110.67,0.48,2.00,116.94,0.32000000000000006,0.00,103.28,0.4,19.50,112.50,0.69,43.90,98.33,0.78
1759682473,2025-10-05,09:41:13,1,0.00,96.99,0.31000000000000005,0.00,113.57,0.6,30.70,110.21,0.6,14.30,124.17,0.6799999999999999,31.56,107.40,0.52,26.74,94.54,0.25,15.70,96.83,0.4,0.00,110.67,0.48,2.00,116.94,0.32000000000000006,0.00,103.28,0.4,19.50,112.50,0.69,43.90,98.33,0.75
1759683984,2025-10-05,10:06:24,,3.84,102.86,0.38,-0.20,113.43,0.59,42.30,110.43,0.59,14.30,124.67,0.66,31.56,107.41,0.52,27.74,94.73,0.25,17.40,97.28,0.41000000000000003,10.20,110.70,0.48,3.68,118.41,0.33999999999999997,10.00,103.54,0.41000000000000003,31.60,112.48,0.62,53.90,98.63,0.75
1759684286,2025-10-05,10:11:26,,3.74,102.86,0.35,2.16,113.43,0.59,52.92,110.43,0.7,15.42,124.67,0.65,33.16,107.41,0.49,27.74,94.73,0.30000000000000004,17.40,97.28,0.30000000000000004,16.40,110.70,0.51,8.08,118.41,0.35,10.90,103.54,0.41000000000000003,31.60,112.48,0.65,47.90,98.63,0.7
1759684589,2025-10-05,10:16:29,,3.74,102.86,0.33999999999999997,2.66,113.43,0.59,56.22,110.43,0.73,15.42,124.67,0.66,33.88,107.41,0.51,29.14,94.73,0.30000000000000004,17.80,97.28,0.27,16.66,110.70,0.49,8.08,118.41,0.33999999999999997,11.10,103.54,0.41000000000000003,31.60,112.48,0.66,47.90,98.63,0.7
1759684903,2025-10-05,10:21:43,,10.34,102.86,0.4,2.98,113.43,0.58,54.52,110.43,0.69,15.42,124.67,0.66,37.92,107.41,0.54,30.94,94.73,0.30000000000000004,17.80,97.28,0.31000000000000005,20.16,110.70,0.45999999999999996,8.08,118.41,0.33999999999999997,11.90,103.54,0.42000000000000004,31.60,112.48,0.6,47.90,98.63,0.7
1759685205,2025-10-05,10:26:45,,12.94,102.86,0.4,3.38,113.43,0.6,55.00,110.43,0.66,15.42,124.67,0.67,40.92,107.41,0.58,36.54,94.73,0.33999999999999997,20.58,97.28,0.33999999999999997,19.30,110.70,0.42000000000000004,9.08,118.41,0.32999999999999996,8.80,103.54,0.4,31.60,112.48,0.6,49.10,98.63,0.66
1759685508,2025-10-05,10:31:48,,15.22,102.86,0.4,4.88,113.43,0.6,58.04,110.43,0.6799999999999999,16.98,124.67,0.66,42.32,107.41,0.5700000000000001,38.94,94.73,0.35,21.98,97.28,0.32000000000000006,22.20,110.70,0.42999999999999994,13.28,118.41,0.33999999999999997,8.80,103.54,0.4,31.60,112.48,0.6,50.50,98.63,0.65
1759685810,2025-10-05,10:36:50,,20.14,102.86,0.45999999999999996,8.78,113.43,0.64,63.08,110.43,0.73,18.88,124.67,0.61,42.64,107.41,0.58,47.42,94.73,0.4,21.98,97.28,0.27,22.20,110.70,0.42000000000000004,20.78,118.41,0.39,8.80,103.54,0.36,30.60,112.48,0.54,53.50,98.63,0.6
1759686113,2025-10-05,10:41:53,,20.14,102.86,0.44999999999999996,9.30,113.43,0.64,63.38,110.43,0.73,23.88,124.67,0.67,45.38,107.41,0.61,47.82,94.73,0.39,21.98,97.28,0.27,23.00,110.70,0.39,20.78,118.41,0.32999999999999996,8.80,103.54,0.36,30.60,112.48,0.55,53.50,98.63,0.61
1759686416,2025-10-05,10:46:56,,28.14,102.93,0.54,15.70,113.51,0.59,67.06,110.30,0.75,23.88,124.58,0.6799999999999999,49.98,107.44,0.61,52.98,94.75,0.44999999999999996,24.68,97.16,0.25,29.00,110.67,0.39,20.78,118.53,0.32000000000000006,19.90,103.48,0.41000000000000003,30.60,112.39,0.45999999999999996,53.50,98.57,0.55
1759686718,2025-10-05,10:51:58,,28.44,102.93,0.53,15.70,113.51,0.58,75.96,110.30,0.81,23.88,124.58,0.6799999999999999,49.98,107.44,0.52,52.98,94.75,0.41000000000000003,27.28,97.16,0.18999999999999995,36.40,110.67,0.48,21.58,118.53,0.32000000000000006,19.90,103.48,0.42000000000000004,30.60,112.39,0.47,56.50,98.57,0.59
1759687021,2025-10-05,10:57:01,,35.94,102.93,0.59,15.90,113.51,0.58,83.18,110.30,0.86,27.40,124.58,0.72,55.68,107.44,0.61,53.02,94.75,0.42999999999999994,27.28,97.16,0.14,36.40,110.67,0.39,23.18,118.53,0.28,20.50,103.48,0.42000000000000004,32.60,112.39,0.41000000000000003,53.50,98.57,0.5700000000000001
1759687323,2025-10-05,11:02:03,,35.94,102.93,0.61,18.22,113.51,0.59,85.68,110.30,0.88,31.48,124.58,0.77,56.94,107.44,0.59,53.02,94.75,0.42999999999999994,27.28,97.16,0.12,38.50,110.67,0.41000000000000003,23.18,118.53,0.22999999999999998,20.50,103.48,0.41000000000000003,29.60,112.39,0.39,53.50,98.57,0.5700000000000001
1759687626,2025-10-05,11:07:06,,37.02,102.93,0.62,16.32,113.51,0.56,106.88,110.30,0.94,31.48,124.58,0.76,56.94,107.44,0.58,53.02,94.75,0.41000000000000003,37.06,97.16,0.06000000000000005,40.64,110.67,0.42000000000000004,24.42,118.53,0.24,21.60,103.48,0.43999999999999995,29.60,112.39,0.38,53.50,98.57,0.59
1759687928,2025-10-05,11:12:08,,37.62,102.93,0.62,18.22,113.51,0.58,107.28,110.30,0.94,32.56,124.58,0.75,59.34,107.44,0.64,54.42,94.75,0.42000000000000004,37.06,97.16,0.06000000000000005,39.64,110.67,0.36,27.56,118.53,0.25,21.60,103.48,0.42000000000000004,29.60,112.39,0.38,53.50,98.57,0.58
1759688230,2025-10-05,11:17:10,,37.92,102.93,0.62,18.22,113.51,0.5700000000000001,112.72,110.30,0.96,33.56,124.58,0.76,59.34,107.44,0.64,54.42,94.75,0.42999999999999994,37.06,97.16,0.040000000000000036,39.64,110.67,0.36,27.76,118.53,0.24,21.60,103.48,0.42999999999999994,29.60,112.39,0.38,52.50,98.57,0.5700000000000001
1759688534,2025-10-05,11:22:14,,40.42,102.93,0.62,20.82,113.51,0.6,112.72,110.30,0.96,33.56,124.58,0.77,59.34,107.44,0.64,58.06,94.75,0.47,38.64,97.16,0.040000000000000036,40.28,110.67,0.36,27.76,118.53,0.22999999999999998,21.60,103.48,0.4,31.60,112.39,0.38,52.50,98.57,0.53
1759688836,2025-10-05,11:27:16,,44.58,102.93,0.67,21.46,113.51,0.61,112.72,110.30,0.9299999999999999,33.56,124.58,0.77,59.34,107.44,0.63,58.06,94.75,0.45999999999999996,45.32,97.16,0.07000000000000006,41.48,110.67,0.37,27.76,118.53,0.22999999999999998,21.60,103.48,0.39,31.60,112.39,0.32999999999999996,53.20,98.57,0.54
1759689139,2025-10-05,11:32:19,,46.18,102.93,0.6799999999999999,23.76,113.51,0.56,112.72,110.30,0.9199999999999999,33.72,124.58,0.77,60.26,107.69,0.66,62.10,94.75,0.5,47.22,97.16,0.08000000000000007,40.36,110.67,0.33999999999999997,28.66,118.53,0.22999999999999998,28.20,103.48,0.43999999999999995,31.60,112.39,0.32000000000000006,54.10,98.57,0.5
1759689441,2025-10-05,11:37:21,,46.58,102.93,0.69,23.76,113.51,0.56,112.72,110.30,0.9199999999999999,33.62,124.58,0.77,60.26,107.69,0.66,62.10,94.75,0.5,47.18,97.16,0.08000000000000007,40.36,110.67,0.33999999999999997,28.56,118.53,0.22999999999999998,28.20,103.48,0.43999999999999995,31.60,112.39,0.31000000000000005,54.10,98.57,0.5
1759689744,2025-10-05,11:42:24,,46.58,102.93,0.6799999999999999,23.76,113.51,0.52,113.04,110.30,0.9199999999999999,33.62,124.58,0.77,60.26,107.69,0.66,62.30,94.75,0.5,47.18,97.16,0.08000000000000007,40.36,110.67,0.33999999999999997,28.56,118.53,0.22999999999999998,31.20,103.48,0.48,31.60,112.39,0.32000000000000006,54.10,98.57,0.5
1759690046,2025-10-05,11:47:26,,46.58,102.91,0.67,23.76,113.51,0.52,114.86,110.34,0.9299999999999999,34.62,124.46,0.78,60.26,107.58,0.66,62.30,94.73,0.51,47.18,97.21,0.07000000000000006,40.36,110.74,0.33999999999999997,28.56,118.50,0.21999999999999997,31.20,103.43,0.48,31.60,112.54,0.32999999999999996,53.10,98.63,0.49
1759690348,2025-10-05,11:52:28,,47.96,102.91,0.71,28.66,113.51,0.56,115.96,110.34,0.9299999999999999,42.58,124.46,0.76,63.22,107.58,0.7,62.90,94.73,0.51,47.18,97.21,0.07000000000000006,41.16,110.74,0.30000000000000004,41.96,118.50,0.24,31.20,103.43,0.43999999999999995,28.60,112.54,0.29000000000000004,53.10,98.63,0.49
1759690651,2025-10-05,11:57:31,,48.28,102.91,0.7,36.26,113.51,0.62,117.04,110.34,0.94,42.58,124.46,0.75,61.22,107.58,0.67,62.90,94.73,0.49,46.98,97.21,0.06000000000000005,43.10,110.74,0.32999999999999996,42.20,118.50,0.25,32.80,103.43,0.38,28.60,112.54,0.30000000000000004,53.10,98.63,0.51
1759690953,2025-10-05,12:02:33,,48.28,102.91,0.69,34.26,113.51,0.6,120.76,110.34,0.9299999999999999,47.58,124.46,0.81,61.22,107.58,0.66,63.80,94.73,0.45999999999999996,52.48,97.21,0.07000000000000006,44.50,110.74,0.33999999999999997,42.50,118.50,0.18999999999999995,32.80,103.43,0.4,28.60,112.54,0.31000000000000005,55.30,98.63,0.54
1759691255,2025-10-05,12:07:35,,48.48,102.91,0.6799999999999999,34.26,113.51,0.63,120.76,110.34,0.9299999999999999,47.90,124.46,0.8,62.22,107.58,0.59,69.90,94.73,0.53,52.48,97.21,0.07000000000000006,52.84,110.74,0.41000000000000003,44.36,118.50,0.19999999999999996,29.80,103.43,0.37,28.60,112.54,0.32000000000000006,55.30,98.63,0.47
1759691557,2025-10-05,12:12:37,,50.38,102.91,0.6799999999999999,35.56,113.51,0.64,123.22,110.34,0.94,48.74,124.46,0.8200000000000001,62.32,107.58,0.6,69.90,94.73,0.49,52.48,97.21,0.06000000000000005,52.84,110.74,0.4,44.72,118.50,0.17999999999999994,29.80,103.43,0.36,29.80,112.54,0.32000000000000006,57.30,98.63,0.51
1759691860,2025-10-05,12:17:40,,52.58,102.87,0.64,46.36,113.49,0.74,125.30,110.34,0.95,61.54,124.54,0.9099999999999999,64.20,107.53,0.61,76.62,94.72,0.59,52.68,97.22,0.050000000000000044,54.44,110.61,0.39,45.92,118.53,0.09000000000000008,29.80,103.37,0.26,32.80,112.53,0.36,57.30,98.63,0.41000000000000003
1759692162,2025-10-05,12:22:42,,52.68,102.87,0.62,44.80,113.49,0.72,129.46,110.34,0.97,62.54,124.54,0.9199999999999999,64.20,107.53,0.62,76.62,94.72,0.62,52.68,97.22,0.030000000000000027,54.44,110.61,0.38,46.44,118.53,0.08000000000000007,29.80,103.37,0.28,34.80,112.53,0.38,54.30,98.63,0.38
1759692465,2025-10-05,12:27:45,,52.68,102.87,0.61,46.52,113.49,0.7,130.14,110.34,0.97,62.54,124.54,0.9199999999999999,64.32,107.53,0.62,78.02,94.72,0.63,53.18,97.22,0.030000000000000027,55.16,110.61,0.38,46.44,118.53,0.08000000000000007,33.60,103.37,0.30000000000000004,34.80,112.53,0.39,54.30,98.63,0.37
1759692767,2025-10-05,12:32:47,,53.58,102.87,0.6,47.58,113.47,0.69,132.42,110.34,0.97,65.54,124.54,0.9299999999999999,65.08,107.66,0.62,78.02,94.72,0.63,54.98,97.22,0.030000000000000027,58.20,110.61,0.38,50.80,118.53,0.07000000000000006,34.80,103.35,0.31000000000000005,34.80,112.52,0.4,54.30,98.63,0.37
1759693071,2025-10-05,12:37:51,,53.58,102.87,0.59,47.58,113.47,0.67,132.42,110.34,0.94,65.54,124.54,0.9299999999999999,63.08,107.66,0.63,79.14,94.72,0.64,63.58,97.22,0.06000000000000005,55.20,110.61,0.37,50.80,118.53,0.07000000000000006,36.10,103.35,0.32999999999999996,34.80,112.52,0.41000000000000003,54.30,98.63,0.36
1759693373,2025-10-05,12:42:53,,53.88,102.87,0.53,47.58,113.47,0.66,132.42,110.34,0.94,65.82,124.54,0.9299999999999999,65.28,107.66,0.63,79.14,94.72,0.62,63.58,97.22,0.06000000000000005,57.80,110.61,0.37,53.58,118.53,0.07000000000000006,36.10,103.35,0.33999999999999997,37.50,112.52,0.47,54.30,98.63,0.38
1759693675,2025-10-05,12:47:55,,53.88,102.86,0.51,48.18,114.10,0.61,139.70,110.24,0.97,65.82,124.65,0.89,64.16,107.72,0.58,79.14,94.78,0.6,63.58,97.21,0.030000000000000027,62.54,110.76,0.42000000000000004,62.48,118.57,0.10999999999999999,40.60,103.49,0.39,37.50,112.38,0.49,54.30,98.66,0.4
1759693978,2025-10-05,12:52:58,,53.88,102.86,0.5,49.62,114.10,0.5700000000000001,141.00,110.24,0.97,66.18,124.65,0.89,65.56,107.72,0.56,79.66,94.78,0.58,64.20,97.21,0.030000000000000027,65.98,110.76,0.43999999999999995,62.48,118.57,0.10999999999999999,44.50,103.49,0.42999999999999994,37.50,112.38,0.5,55.30,98.66,0.42000000000000004
1759694280,2025-10-05,12:58:00,,53.88,102.86,0.48,49.82,114.10,0.56,143.00,110.24,0.98,66.26,124.65,0.9099999999999999,66.26,107.72,0.5700000000000001,84.22,94.78,0.64,64.80,97.21,0.020000000000000018,66.42,110.76,0.42999999999999994,62.48,118.57,0.09000000000000008,44.50,103.49,0.43999999999999995,37.50,112.38,0.52,55.30,98.66,0.36
1759694583,2025-10-05,13:03:03,,56.48,102.91,0.49,52.42,114.15,0.6,143.00,110.24,0.98,66.26,124.65,0.9,67.54,107.72,0.5700000000000001,84.22,94.78,0.64,64.90,97.21,0.020000000000000018,68.46,110.76,0.42999999999999994,64.32,118.57,0.09999999999999998,44.50,103.49,0.4,39.20,112.38,0.51,55.30,98.66,0.36
1759694885,2025-10-05,13:08:05,,66.48,102.91,0.5,52.42,114.15,0.59,144.80,110.24,0.98,66.26,124.65,0.9099999999999999,67.54,107.72,0.5700000000000001,84.22,94.78,0.64,74.90,97.21,0.020000000000000018,68.94,110.76,0.42999999999999994,64.76,118.57,0.09000000000000008,45.52,103.49,0.41000000000000003,39.10,112.38,0.5,55.30,98.66,0.36
1759695187,2025-10-05,13:13:07,,66.48,102.91,0.37,52.42,114.15,0.58,144.80,110.24,0.99,67.76,124.65,0.85,72.34,107.72,0.61,84.12,94.78,0.65,75.00,97.21,0.010000000000000009,70.98,110.76,0.39,73.90,118.57,0.15000000000000002,47.88,103.49,0.42000000000000004,48.20,112.38,0.63,55.30,98.66,0.35
1759695490,2025-10-05,13:18:10,,66.48,102.91,0.33999999999999997,52.42,114.15,0.58,144.80,110.24,0.99,68.04,124.65,0.85,72.34,107.72,0.63,87.12,94.78,0.69,72.00,97.21,0.010000000000000009,69.98,110.76,0.37,75.10,118.57,0.15000000000000002,47.88,103.49,0.42000000000000004,50.20,112.38,0.66,55.30,98.66,0.31000000000000005
1759695792,2025-10-05,13:23:12,,66.38,102.91,0.33999999999999997,52.42,114.15,0.6,144.80,110.24,0.99,69.00,124.65,0.86,72.34,107.72,0.63,87.12,94.78,0.69,73.80,97.21,0.010000000000000009,69.98,110.76,0.37,75.10,118.57,0.14,47.88,103.49,0.4,50.20,112.38,0.66,56.78,98.66,0.31000000000000005
1759696094,2025-10-05,13:28:14,,66.58,102.91,0.32000000000000006,62.42,114.15,0.6,144.80,110.24,0.99,69.00,124.65,0.86,74.14,107.72,0.64,87.12,94.78,0.69,73.80,97.21,0.010000000000000009,69.98,110.76,0.36,75.10,118.57,0.14,48.58,103.49,0.4,50.90,112.38,0.6799999999999999,56.78,98.66,0.31000000000000005
1759696397,2025-10-05,13:33:17,,70.98,102.91,0.37,62.42,114.15,0.62,144.80,110.24,0.99,72.50,124.66,0.87,77.84,107.72,0.66,87.12,94.78,0.69,78.66,97.23,0.010000000000000009,71.58,110.76,0.33999999999999997,75.90,118.60,0.13,49.34,103.49,0.38,51.90,112.38,0.63,56.78,98.66,0.31000000000000005
1759696699,2025-10-05,13:38:19,,70.98,102.91,0.35,64.02,114.15,0.64,144.80,110.24,0.98,73.10,124.66,0.79,79.94,107.72,0.6799999999999999,94.42,94.78,0.8,82.74,97.23,0.020000000000000018,71.58,110.76,0.32000000000000006,84.90,118.60,0.20999999999999996,49.80,103.49,0.36,52.70,112.38,0.65,56.78,98.66,0.19999999999999996
1759697002,2025-10-05,13:43:22,,70.98,102.91,0.35,64.02,114.15,0.66,144.80,110.24,0.98,73.28,124.66,0.78,79.94,107.72,0.6799999999999999,94.92,94.78,0.78,84.44,97.23,0.020000000000000018,71.58,110.76,0.32000000000000006,84.90,118.60,0.21999999999999997,49.80,103.49,0.33999999999999997,52.50,112.38,0.65,58.46,98.66,0.21999999999999997
1759697304,2025-10-05,13:48:24,,74.26,103.00,0.36,64.02,114.17,0.65,144.80,110.29,0.98,74.08,124.65,0.78,79.94,107.92,0.67,94.92,94.71,0.78,85.76,97.20,0.020000000000000018,71.58,110.80,0.32999999999999996,84.90,118.68,0.21999999999999997,53.18,103.49,0.35,54.20,112.35,0.64,58.94,98.62,0.21999999999999997
1759697607,2025-10-05,13:53:27,,72.26,103.00,0.32999999999999996,64.02,114.17,0.66,144.80,110.29,0.98,74.08,124.65,0.77,79.94,107.92,0.66,97.22,94.71,0.81,86.94,97.20,0.020000000000000018,72.48,110.80,0.33999999999999997,84.98,118.68,0.22999999999999998,53.50,103.49,0.33999999999999997,54.20,112.35,0.67,59.10,98.62,0.18999999999999995
1759697909,2025-10-05,13:58:29,,73.80,103.00,0.36,64.02,114.17,0.66,144.80,110.29,0.99,74.88,124.65,0.69,80.84,107.92,0.67,97.22,94.71,0.81,86.94,97.20,0.010000000000000009,72.48,110.80,0.32999999999999996,90.62,118.68,0.31000000000000005,55.10,103.49,0.33999999999999997,54.20,112.35,0.64,59.70,98.62,0.18999999999999995
1759698211,2025-10-05,14:03:31,,73.70,103.00,0.32999999999999996,64.02,114.17,0.66,144.80,110.29,0.99,78.18,124.65,0.71,81.54,107.92,0.6799999999999999,97.12,94.71,0.8200000000000001,86.90,97.20,0.010000000000000009,72.48,110.80,0.32000000000000006,90.62,118.68,0.29000000000000004,57.24,103.49,0.33999999999999997,55.60,112.35,0.67,59.70,98.62,0.17999999999999994
1759698514,2025-10-05,14:08:34,,75.70,103.00,0.26,67.02,114.17,0.72,144.80,110.29,0.99,78.78,124.65,0.72,81.54,107.92,0.67,97.12,94.71,0.8300000000000001,84.06,97.20,0.010000000000000009,72.48,110.80,0.32999999999999996,90.62,118.68,0.28,55.54,103.49,0.28,62.30,112.35,0.74,59.70,98.62,0.16999999999999993
1759698816,2025-10-05,14:13:36,,75.70,103.00,0.22999999999999998,67.02,114.17,0.69,144.80,110.29,0.99,82.18,124.65,0.74,82.44,107.92,0.69,98.92,94.71,0.85,85.22,97.20,0.010000000000000009,72.48,110.80,0.31000000000000005,90.82,118.68,0.26,59.76,103.49,0.31000000000000005,63.70,112.35,0.77,60.38,98.62,0.15000000000000002
1759699118,2025-10-05,14:18:38,,75.70,103.00,0.21999999999999997,67.02,114.17,0.7,144.80,110.29,0.99,82.72,124.65,0.74,82.44,107.92,0.6799999999999999,100.32,94.71,0.8,92.96,97.20,0.010000000000000009,72.58,110.80,0.32000000000000006,91.10,118.68,0.26,60.20,103.49,0.30000000000000004,63.70,112.35,0.78,65.70,98.62,0.19999999999999996
1759699421,2025-10-05,14:23:41,,77.30,103.00,0.24,67.92,114.17,0.72,144.80,110.29,0.99,84.50,124.65,0.75,82.44,107.92,0.6799999999999999,101.02,94.71,0.76,92.96,97.20,0.010000000000000009,72.58,110.80,0.32000000000000006,91.10,118.68,0.25,60.40,103.49,0.28,63.70,112.35,0.76,69.40,98.62,0.24
1759699723,2025-10-05,14:28:43,,78.22,103.00,0.24,67.92,114.17,0.71,144.80,110.29,0.99,85.40,124.65,0.76,82.44,107.92,0.67,101.02,94.71,0.76,93.16,97.20,0.010000000000000009,72.58,110.80,0.32999999999999996,91.10,118.68,0.24,62.60,103.49,0.29000000000000004,63.70,112.35,0.76,69.40,98.62,0.24
1759700025,2025-10-05,14:33:45,,78.22,103.00,0.22999999999999998,67.92,114.17,0.72,144.80,110.29,0.99,86.20,124.65,0.76,82.44,107.92,0.67,101.12,94.71,0.76,93.08,97.20,0.010000000000000009,72.58,110.80,0.32999999999999996,91.50,118.68,0.24,62.60,103.49,0.28,63.70,112.35,0.77,69.40,98.62,0.24
1759700329,2025-10-05,14:38:49,,78.46,103.00,0.14,70.92,114.17,0.79,144.80,110.29,0.99,86.20,124.65,0.76,82.24,107.92,0.66,101.12,94.71,0.73,93.08,97.20,0.010000000000000009,72.58,110.80,0.33999999999999997,91.50,118.68,0.24,61.70,103.49,0.20999999999999996,70.20,112.35,0.86,71.04,98.62,0.27
1759700631,2025-10-05,14:43:51,,82.46,103.00,0.17999999999999994,72.12,114.17,0.8,145.50,110.29,0.99,89.08,124.65,0.79,82.24,107.92,0.66,101.42,94.71,0.69,93.08,97.20,0.010000000000000009,72.58,110.80,0.33999999999999997,91.50,118.68,0.20999999999999996,63.52,103.49,0.19999999999999996,70.20,112.35,0.8200000000000001,73.74,98.62,0.31000000000000005
1759700933,2025-10-05,14:48:53,,82.46,103.00,0.16999999999999993,73.52,114.20,0.8,147.10,110.28,0.99,89.08,124.65,0.79,82.24,107.90,0.65,101.52,94.71,0.7,92.98,97.20,0.010000000000000009,72.58,110.74,0.35,91.50,118.64,0.20999999999999996,66.72,103.49,0.19999999999999996,71.10,112.36,0.8300000000000001,73.74,98.58,0.30000000000000004
1759701236,2025-10-05,14:53:56,,82.46,103.00,0.17999999999999994,70.52,114.20,0.59,147.10,110.28,0.99,99.58,124.65,0.9,82.24,107.90,0.65,101.52,94.71,0.71,88.98,97.20,0.010000000000000009,72.58,110.74,0.35,91.50,118.64,0.09999999999999998,78.52,103.49,0.41000000000000003,70.30,112.36,0.8200000000000001,73.74,98.58,0.29000000000000004
1759701538,2025-10-05,14:58:58,,82.26,103.00,0.18999999999999995,70.52,114.20,0.6,147.10,110.28,0.99,99.58,124.65,0.9,82.24,107.90,0.65,101.52,94.71,0.64,96.38,97.20,0.010000000000000009,72.58,110.74,0.35,91.50,118.64,0.09999999999999998,78.52,103.49,0.4,70.30,112.36,0.81,76.66,98.58,0.36
1759701840,2025-10-05,15:04:00,,84.16,103.00,0.20999999999999996,70.52,114.20,0.61,147.10,110.28,0.99,101.60,124.65,0.9199999999999999,82.24,107.90,0.65,102.02,94.71,0.58,96.38,97.20,0.010000000000000009,72.58,110.74,0.35,91.50,118.64,0.08000000000000007,78.52,103.49,0.39,70.30,112.36,0.79,80.74,98.58,0.42000000000000004
1759702143,2025-10-05,15:09:03,,84.56,103.00,0.18999999999999995,73.52,114.20,0.64,147.10,110.28,0.99,113.20,124.65,0.97,85.44,107.90,0.6799999999999999,102.02,94.71,0.58,96.38,97.20,0.010000000000000009,72.58,110.74,0.32000000000000006,93.66,118.64,0.030000000000000027,81.18,103.49,0.36,70.30,112.36,0.81,80.74,98.58,0.42000000000000004
1759702446,2025-10-05,15:14:06,,89.36,103.00,0.15000000000000002,73.52,114.20,0.65,147.10,110.28,0.99,114.90,124.65,0.98,93.94,107.90,0.79,102.52,94.71,0.6,95.38,97.20,0.010000000000000009,72.58,110.74,0.20999999999999996,92.58,118.64,0.020000000000000018,81.18,103.49,0.35,77.50,112.36,0.85,80.74,98.58,0.4
1759702748,2025-10-05,15:19:08,,91.42,103.00,0.16999999999999993,73.52,114.20,0.66,147.10,110.28,0.99,115.30,124.65,0.98,93.94,107.90,0.78,102.72,94.71,0.6,95.62,97.20,0.010000000000000009,72.58,110.74,0.21999999999999997,92.58,118.64,0.020000000000000018,81.18,103.49,0.33999999999999997,78.30,112.36,0.8300000000000001,80.74,98.58,0.4
1759703050,2025-10-05,15:24:10,,91.66,103.00,0.12,73.52,114.20,0.53,147.10,110.28,0.99,115.98,124.65,0.98,93.94,107.90,0.78,102.72,94.71,0.55,98.22,97.20,0.010000000000000009,72.58,110.74,0.21999999999999997,92.58,118.64,0.020000000000000018,91.78,103.49,0.47,80.40,112.36,0.88,82.86,98.58,0.44999999999999996
1759703353,2025-10-05,15:29:13,,93.36,103.00,0.12,73.52,114.20,0.52,147.10,110.28,0.99,115.98,124.65,0.98,93.94,107.90,0.77,102.72,94.71,0.45999999999999996,98.22,97.20,0.010000000000000009,72.58,110.74,0.22999999999999998,92.58,118.64,0.020000000000000018,92.88,103.49,0.48,81.20,112.36,0.88,87.10,98.58,0.54
1759703655,2025-10-05,15:34:15,,93.26,103.00,0.09000000000000008,73.52,114.20,0.52,147.10,110.28,0.99,116.28,124.63,0.98,93.94,107.90,0.76,106.02,94.71,0.54,100.86,97.18,0.010000000000000009,73.38,110.74,0.24,92.58,118.64,0.020000000000000018,95.64,103.49,0.48,83.30,112.36,0.9099999999999999,87.10,98.58,0.45999999999999996
1759703958,2025-10-05,15:39:18,,93.26,103.00,0.08000000000000007,73.52,114.20,0.54,147.10,110.28,0.99,117.00,124.63,0.99,93.94,107.90,0.76,106.92,94.71,0.49,102.86,97.18,0.010000000000000009,73.38,110.74,0.24,92.86,118.64,0.010000000000000009,96.40,103.49,0.45999999999999996,83.50,112.36,0.9199999999999999,89.76,98.58,0.51
1759704260,2025-10-05,15:44:20,,94.46,103.00,0.09000000000000008,78.52,114.20,0.55,147.10,110.28,0.99,117.00,124.63,0.99,93.94,107.90,0.76,106.92,94.71,0.36,106.08,97.18,0.010000000000000009,73.38,110.74,0.24,92.86,118.64,0.010000000000000009,102.00,103.49,0.44999999999999996,83.50,112.36,0.9099999999999999,96.48,98.58,0.64
1759704563,2025-10-05,15:49:23,,97.60,103.00,0.10999999999999999,78.52,114.28,0.54,147.10,110.29,0.99,121.00,124.63,0.99,94.84,107.84,0.75,106.92,94.71,0.35,106.88,97.19,0.010000000000000009,74.88,110.82,0.25,92.86,118.66,0.010000000000000009,104.00,103.49,0.45999999999999996,83.50,112.35,0.89,96.48,98.55,0.65
1759704865,2025-10-05,15:54:25,,97.60,103.00,0.09999999999999998,93.42,114.28,0.59,147.10,110.29,0.99,124.00,124.63,0.99,94.84,107.84,0.75,107.82,94.71,0.37,101.88,97.19,0.010000000000000009,74.88,110.82,0.25,93.30,118.66,0.010000000000000009,117.52,103.49,0.41000000000000003,83.50,112.35,0.9,96.48,98.55,0.63
1759705168,2025-10-05,15:59:28,,99.28,103.00,0.09000000000000008,93.42,114.28,0.58,147.10,110.29,0.99,124.36,124.63,0.99,94.84,107.84,0.75,107.82,94.71,0.41000000000000003,101.88,97.19,0.010000000000000009,74.88,110.82,0.25,93.30,118.66,0.010000000000000009,118.72,103.49,0.42000000000000004,85.00,112.35,0.9099999999999999,94.84,98.55,0.59
1759705470,2025-10-05,16:04:30,,104.80,103.00,0.12,93.42,114.28,0.49,147.10,110.29,0.99,126.36,124.63,0.99,95.04,107.84,0.74,107.82,94.71,0.39,101.84,97.19,0.010000000000000009,74.88,110.82,0.26,93.62,118.66,0.010000000000000009,124.82,103.49,0.51,86.00,112.35,0.88,94.84,98.55,0.61
1759705772,2025-10-05,16:09:32,,104.80,103.00,0.10999999999999999,93.42,114.28,0.49,147.10,110.29,0.99,126.72,124.63,0.99,95.04,107.84,0.73,107.82,94.71,0.33999999999999997,101.84,97.19,0.010000000000000009,74.88,110.82,0.27,93.62,118.66,0.010000000000000009,125.34,103.49,0.51,86.00,112.35,0.89,96.24,98.55,0.66
1759706075,2025-10-05,16:14:35,,107.60,103.00,0.13,92.42,114.28,0.30000000000000004,147.10,110.29,0.99,126.72,124.63,0.99,95.04,107.84,0.71,107.82,94.71,0.32000000000000006,101.84,97.19,0.010000000000000009,74.88,110.82,0.29000000000000004,93.62,118.66,0.010000000000000009,133.12,103.49,0.7,86.00,112.35,0.87,96.24,98.55,0.6799999999999999
1759706378,2025-10-05,16:19:38,,106.60,103.00,0.10999999999999999,92.42,114.30,0.29000000000000004,147.10,110.29,0.99,131.04,124.63,0.99,95.04,107.82,0.71,107.82,94.71,0.13,101.84,97.17,0.010000000000000009,74.88,110.82,0.29000000000000004,93.62,118.67,0.010000000000000009,133.62,103.49,0.71,86.00,112.45,0.89,103.54,98.55,0.87
1759706680,2025-10-05,16:24:40,1,106.60,103.00,0.10999999999999999,97.42,114.30,0.41000000000000003,147.10,110.29,0.99,131.04,124.63,0.99,95.04,107.82,0.71,107.82,94.71,0.13,101.84,97.17,0.010000000000000009,74.88,110.82,0.29000000000000004,93.62,118.67,0.010000000000000009,133.62,103.49,0.59,86.00,112.45,0.89,103.54,98.55,0.87
1759710299,2025-10-05,17:24:59,,106.40,103.00,0.09000000000000008,97.42,114.21,0.42999999999999994,147.10,110.28,0.99,141.04,124.58,0.99,95.04,107.84,0.7,107.82,94.71,0.12,101.84,97.15,0.010000000000000009,74.88,110.70,0.30000000000000004,93.62,118.68,0.010000000000000009,133.62,103.49,0.5700000000000001,86.60,112.40,0.9099999999999999,103.54,98.60,0.88
1759710602,2025-10-05,17:30:02,,106.40,103.00,0.09999999999999998,97.42,114.21,0.42000000000000004,147.10,110.28,0.99,143.04,124.58,0.99,95.04,107.84,0.7,107.82,94.71,0.12,101.84,97.15,0.010000000000000009,74.88,110.70,0.30000000000000004,93.62,118.68,0.010000000000000009,133.62,103.49,0.58,86.80,112.40,0.9,103.54,98.60,0.88
1759710904,2025-10-05,17:35:04,,106.40,103.00,0.14,97.42,114.21,0.4,147.10,110.28,0.99,143.04,124.58,0.99,95.74,107.84,0.69,107.82,94.71,0.06000000000000005,101.84,97.15,0.010000000000000009,74.88,110.70,0.31000000000000005,93.62,118.68,0.010000000000000009,133.62,103.49,0.6,86.36,112.40,0.86,108.04,98.60,0.94
1759711207,2025-10-05,17:40:07,,106.40,103.00,0.13,97.42,114.21,0.4,147.10,110.28,0.99,146.04,124.58,0.99,96.24,107.84,0.7,107.82,94.71,0.06000000000000005,101.84,97.15,0.010000000000000009,74.88,110.70,0.30000000000000004,93.62,118.68,0.010000000000000009,133.62,103.49,0.6,87.44,112.40,0.87,108.04,98.60,0.94
1759711509,2025-10-05,17:45:09,,106.40,103.00,0.14,97.42,114.21,0.4,147.10,110.28,0.99,146.04,124.58,0.99,96.24,107.84,0.69,107.82,94.71,0.06000000000000005,101.84,97.15,0.010000000000000009,74.88,110.70,0.31000000000000005,93.62,118.68,0.010000000000000009,133.62,103.49,0.6,87.44,112.40,0.86,108.04,98.60,0.94
1759711812,2025-10-05,17:50:12,,106.40,103.00,0.16999999999999993,97.42,114.21,0.39,147.10,110.28,0.99,146.04,124.58,0.99,96.24,107.84,0.6799999999999999,107.82,94.71,0.06000000000000005,101.84,97.15,0.010000000000000009,74.88,110.70,0.32000000000000006,93.62,118.68,0.010000000000000009,133.62,103.49,0.61,87.76,112.40,0.8300000000000001,108.04,98.60,0.94
1759712114,2025-10-05,17:55:14,,106.40,103.00,0.17999999999999994,97.42,114.21,0.38,147.10,110.28,0.99,146.04,124.58,0.99,96.24,107.84,0.6799999999999999,107.82,94.71,0.06000000000000005,101.84,97.15,0.010000000000000009,74.88,110.70,0.32000000000000006,93.62,118.68,0.010000000000000009,133.62,103.49,0.62,87.76,112.40,0.8200000000000001,108.04,98.60,0.94
1759712416,2025-10-05,18:00:16,,106.40,103.00,0.18999999999999995,97.42,114.21,0.38,147.10,110.28,0.99,146.04,124.58,0.99,96.24,107.84,0.67,107.82,94.71,0.06000000000000005,101.84,97.15,0.010000000000000009,74.88,110.70,0.32999999999999996,93.62,118.68,0.010000000000000009,133.62,103.49,0.62,87.84,112.40,0.81,108.04,98.60,0.94
1759712719,2025-10-05,18:05:19,,106.40,103.00,0.19999999999999996,97.42,114.21,0.37,147.10,110.28,0.99,143.04,124.58,0.99,96.24,107.84,0.67,107.82,94.71,0.07000000000000006,101.84,97.15,0.010000000000000009,74.88,110.70,0.32999999999999996,93.62,118.68,0.010000000000000009,133.62,103.49,0.63,88.14,112.40,0.8,108.04,98.60,0.9299999999999999
1759713022,2025-10-05,18:10:22,,106.40,103.00,0.19999999999999996,97.42,114.21,0.36,147.10,110.28,0.99,143.04,124.58,0.99,97.54,107.84,0.6799999999999999,107.82,94.71,0.050000000000000044,101.84,97.15,0.010000000000000009,74.88,110.70,0.32000000000000006,93.62,118.68,0.010000000000000009,133.62,103.49,0.64,89.82,112.40,0.8,109.84,98.60,0.95
1759713324,2025-10-05,18:15:24,,106.40,103.00,0.22999999999999998,97.42,114.21,0.36,147.10,110.28,0.99,143.04,124.58,0.99,97.64,107.84,0.6799999999999999,107.82,94.71,0.050000000000000044,104.84,97.15,0.010000000000000009,74.88,110.70,0.32000000000000006,93.62,118.68,0.010000000000000009,133.62,103.49,0.64,89.70,112.40,0.77,109.84,98.60,0.95
1759713626,2025-10-05,18:20:26,,106.40,103.00,0.22999999999999998,97.42,114.21,0.36,147.10,110.28,0.99,143.04,124.58,0.99,97.64,107.84,0.6799999999999999,107.82,94.71,0.050000000000000044,104.84,97.15,0.010000000000000009,74.88,110.70,0.32000000000000006,93.62,118.68,0.010000000000000009,133.62,103.49,0.64,89.86,112.40,0.77,109.84,98.60,0.95
1759713929,2025-10-05,18:25:29,,106.40,103.00,0.26,97.42,114.21,0.33999999999999997,147.10,110.28,0.99,145.04,124.58,0.99,97.64,107.84,0.66,107.82,94.71,0.050000000000000044,104.84,97.15,0.010000000000000009,74.88,110.70,0.33999999999999997,93.62,118.68,0.010000000000000009,133.62,103.49,0.66,90.58,112.40,0.74,109.84,98.60,0.95
1759714231,2025-10-05,18:30:31,,106.40,103.00,0.21999999999999997,97.42,114.21,0.33999999999999997,147.10,110.28,0.99,145.04,124.58,0.99,97.94,107.84,0.66,107.82,94.71,0.050000000000000044,104.84,97.15,0.010000000000000009,74.88,110.70,0.33999999999999997,93.62,118.68,0.010000000000000009,133.62,103.49,0.66,92.48,112.40,0.78,109.84,98.60,0.95
1759714534,2025-10-05,18:35:34,,106.40,103.00,0.24,97.42,114.21,0.32999999999999996,147.10,110.28,0.99,145.04,124.58,0.99,98.24,107.84,0.66,107.82,94.71,0.050000000000000044,104.84,97.15,0.010000000000000009,74.88,110.70,0.33999999999999997,93.62,118.68,0.010000000000000009,133.62,103.49,0.67,93.48,112.40,0.76,109.84,98.60,0.95
1759714836,2025-10-05,18:40:36,,106.40,103.00,0.22999999999999998,97.42,114.21,0.32999999999999996,147.10,110.28,0.99,145.04,124.58,0.99,98.24,107.84,0.65,107.82,94.71,0.050000000000000044,104.84,97.15,0.010000000000000009,74.88,110.70,0.35,93.62,118.68,0.010000000000000009,133.62,103.49,0.67,94.18,112.40,0.77,109.84,98.60,0.95
1759715138,2025-10-05,18:45:38,,106.40,103.00,0.17999999999999994,100.12,114.21,0.39,147.10,110.28,0.99,145.04,124.58,0.99,98.24,107.84,0.65,107.82,94.71,0.06000000000000005,104.84,97.15,0.010000000000000009,74.88,110.70,0.35,93.62,118.68,0.010000000000000009,133.62,103.49,0.61,95.96,112.40,0.8200000000000001,109.84,98.60,0.94
1759715441,2025-10-05,18:50:41,,106.40,103.00,0.18999999999999995,100.12,114.21,0.39,147.10,110.28,0.99,145.04,124.58,0.99,98.24,107.84,0.65,107.82,94.71,0.06000000000000005,104.84,97.15,0.010000000000000009,74.88,110.70,0.35,93.62,118.68,0.010000000000000009,133.62,103.49,0.61,95.96,112.40,0.81,109.84,98.60,0.94
1759715743,2025-10-05,18:55:43,,106.40,103.00,0.18999999999999995,100.12,114.21,0.39,147.10,110.28,0.99,145.04,124.58,0.99,98.24,107.84,0.65,107.82,94.71,0.06000000000000005,104.84,97.15,0.010000000000000009,74.88,110.70,0.35,93.62,118.68,0.010000000000000009,133.62,103.49,0.61,95.96,112.40,0.81,109.84,98.60,0.94
1759716046,2025-10-05,19:00:46,,106.40,103.00,0.18999999999999995,100.12,114.21,0.39,147.10,110.28,0.99,145.04,124.58,0.99,98.24,107.84,0.65,107.82,94.71,0.06000000000000005,104.84,97.15,0.010000000000000009,74.88,110.70,0.35,93.62,118.68,0.010000000000000009,133.62,103.49,0.61,95.96,112.40,0.81,109.84,98.60,0.94
1759716348,2025-10-05,19:05:48,,106.40,103.00,0.17999999999999994,100.12,114.21,0.39,147.10,110.28,0.99,145.04,124.58,0.99,99.74,107.84,0.67,107.82,94.71,0.030000000000000027,104.84,97.15,0.010000000000000009,74.88,110.70,0.32999999999999996,93.62,118.68,0.010000000000000009,133.62,103.49,0.61,96.76,112.40,0.8200000000000001,112.34,98.60,0.97
1759716651,2025-10-05,19:10:51,,106.40,103.00,0.20999999999999996,100.12,114.21,0.37,147.10,110.28,0.99,145.04,124.58,0.99,99.84,107.84,0.66,107.82,94.71,0.030000000000000027,104.84,97.15,0.010000000000000009,74.88,110.70,0.33999999999999997,93.62,118.68,0.010000000000000009,133.62,103.49,0.63,97.90,112.40,0.79,112.34,98.60,0.97
1759716953,2025-10-05,19:15:53,,106.40,103.00,0.08000000000000007,100.12,114.21,0.37,147.10,110.28,0.99,145.04,124.58,0.99,99.84,107.84,0.66,107.82,94.71,0.030000000000000027,105.84,97.15,0.010000000000000009,74.88,110.70,0.33999999999999997,93.62,118.68,0.010000000000000009,133.62,103.49,0.63,102.78,112.40,0.9199999999999999,112.34,98.60,0.97
1759717255,2025-10-05,19:20:55,,106.40,103.00,0.06000000000000005,100.12,114.21,0.36,147.10,110.28,0.99,142.04,124.58,0.99,99.84,107.84,0.64,107.82,94.71,0.040000000000000036,105.84,97.15,0.010000000000000009,74.88,110.70,0.36,93.62,118.68,0.010000000000000009,133.62,103.49,0.64,104.70,112.40,0.94,112.34,98.60,0.96
1759717558,2025-10-05,19:25:58,,106.40,103.00,0.050000000000000044,100.12,114.21,0.36,147.10,110.28,0.99,142.04,124.58,0.99,99.84,107.84,0.64,107.82,94.71,0.040000000000000036,105.84,97.15,0.010000000000000009,74.88,110.70,0.36,93.62,118.68,0.010000000000000009,133.62,103.49,0.64,105.42,112.40,0.95,112.34,98.60,0.96
1759717861,2025-10-05,19:31:01,,106.40,103.00,0.09999999999999998,100.12,114.21,0.35,147.10,110.28,0.99,142.04,124.58,0.99,99.84,107.84,0.63,107.82,94.71,0.020000000000000018,105.84,97.15,0.010000000000000009,74.88,110.70,0.37,93.62,118.68,0.010000000000000009,133.62,103.49,0.65,104.10,112.40,0.9,114.54,98.60,0.98
1759718163,2025-10-05,19:36:03,,106.40,103.00,0.09999999999999998,100.12,114.21,0.33999999999999997,147.10,110.28,0.99,142.04,124.58,0.99,99.84,107.84,0.62,107.82,94.71,0.020000000000000018,105.84,97.15,0.010000000000000009,74.88,110.70,0.38,93.62,118.68,0.010000000000000009,133.62,103.49,0.66,104.86,112.40,0.9,114.54,98.60,0.98
1759718466,2025-10-05,19:41:06,,106.40,103.00,0.08000000000000007,103.02,114.21,0.42000000000000004,147.10,110.28,0.99,142.04,124.58,0.99,99.84,107.84,0.61,107.82,94.71,0.020000000000000018,105.84,97.15,0.010000000000000009,74.88,110.70,0.39,93.62,118.68,0.010000000000000009,133.62,103.49,0.58,106.22,112.40,0.9199999999999999,114.54,98.60,0.98
1759718768,2025-10-05,19:46:08,,106.40,103.00,0.06000000000000005,103.02,114.21,0.41000000000000003,147.10,110.28,0.99,139.04,124.58,0.99,99.84,107.84,0.6,107.82,94.71,0.020000000000000018,105.84,97.15,0.010000000000000009,74.88,110.70,0.4,93.62,118.68,0.010000000000000009,133.62,103.49,0.59,107.42,112.40,0.94,114.54,98.60,0.98
1759719071,2025-10-05,19:51:11,,106.40,103.00,0.040000000000000036,103.02,114.21,0.4,147.10,110.28,0.99,139.04,124.58,0.99,99.44,107.84,0.58,107.82,94.71,0.010000000000000009,105.84,97.15,0.010000000000000009,74.88,110.70,0.42000000000000004,93.62,118.68,0.010000000000000009,133.62,103.49,0.6,108.64,112.40,0.96,118.34,98.60,0.99
1759719373,2025-10-05,19:56:13,,106.40,103.00,0.01,103.02,114.21,0.39,147.10,110.28,0.99,139.04,124.58,0.99,99.44,107.84,0.5700000000000001,107.82,94.71,0.010000000000000009,106.84,97.15,0.010000000000000009,74.88,110.70,0.42999999999999994,93.62,118.68,0.010000000000000009,133.62,103.49,0.61,114.14,112.40,0.99,118.34,98.60,0.99
1759719676,2025-10-05,20:01:16,,106.40,103.00,0.01,103.02,114.21,0.38,147.10,110.28,0.99,141.04,124.58,0.99,99.44,107.84,0.56,107.82,94.71,0.010000000000000009,106.84,97.15,0.010000000000000009,74.88,110.70,0.43999999999999995,93.62,118.68,0.010000000000000009,133.62,103.49,0.62,114.38,112.40,0.99,118.34,98.60,0.99
1759719978,2025-10-05,20:06:18,,106.40,103.00,0.01,103.02,114.21,0.38,147.10,110.28,0.99,141.04,124.58,0.99,99.84,107.84,0.56,107.82,94.71,0.010000000000000009,106.84,97.15,0.010000000000000009,74.88,110.70,0.43999999999999995,93.62,118.68,0.010000000000000009,133.62,103.49,0.62,114.78,112.40,0.99,118.34,98.60,0.99
1759720280,2025-10-05,20:11:20,,106.40,103.00,0.01,103.02,114.21,0.37,147.10,110.28,0.99,141.04,124.58,0.99,99.94,107.84,0.55,107.82,94.71,0.010000000000000009,106.84,97.15,0.010000000000000009,74.88,110.70,0.44999999999999996,93.62,118.68,0.010000000000000009,133.62,103.49,0.63,115.78,112.40,0.99,118.34,98.60,0.99
1759720583,2025-10-05,20:16:23,,106.40,103.00,0.01,103.02,114.21,0.37,147.10,110.28,0.99,141.04,124.58,0.99,99.94,107.84,0.55,107.82,94.71,0.010000000000000009,110.84,97.15,0.010000000000000009,74.88,110.70,0.44999999999999996,93.62,118.68,0.010000000000000009,133.62,103.49,0.63,116.26,112.40,0.99,118.34,98.60,0.99
1759720885,2025-10-05,20:21:25,,106.40,103.00,0.01,103.02,114.21,0.36,147.10,110.28,0.99,141.04,124.58,0.99,99.94,107.84,0.54,107.82,94.71,0.010000000000000009,110.84,97.15,0.010000000000000009,74.88,110.70,0.45999999999999996,93.62,118.68,0.010000000000000009,133.62,103.49,0.64,117.02,112.40,0.99,118.34,98.60,0.99
1759721188,2025-10-05,20:26:28,,106.40,103.00,0.01,103.02,114.21,0.36,147.10,110.28,0.99,142.04,124.58,0.99,99.94,107.84,0.54,107.82,94.71,0.010000000000000009,110.84,97.15,0.010000000000000009,74.88,110.70,0.45999999999999996,93.62,118.68,0.010000000000000009,133.62,103.49,0.64,117.02,112.40,0.99,118.34,98.60,0.99
1759721490,2025-10-05,20:31:30,1,106.40,103.00,0,103.02,114.21,0.36,147.10,110.28,0.99,142.04,124.58,0.99,99.94,107.84,0.54,107.82,94.71,0.010000000000000009,110.84,97.15,0.010000000000000009,74.88,110.70,0.45999999999999996,93.62,118.68,0.010000000000000009,133.62,103.49,0.64,117.54,112.40,1,118.34,98.60,0.99
1759796207,2025-10-06,17:16:47,,106.40,104.55,0,103.02,114.97,0.38,147.10,109.40,0.99,142.04,109.50,0.99,99.94,109.11,0.52,107.82,94.72,0.010000000000000009,110.84,97.65,0.010000000000000009,74.88,109.59,0.48,93.62,119.41,0.010000000000000009,133.62,104.03,0.62,117.54,113.05,1,118.34,92.15,0.99
1759796509,2025-10-06,17:21:49,,106.40,104.55,0,103.02,114.97,0.33999999999999997,147.10,109.40,0.99,142.04,109.50,0.99,99.94,109.11,0.51,107.82,94.72,0.010000000000000009,110.84,97.65,0.010000000000000009,76.36,109.59,0.49,95.02,119.41,0.010000000000000009,133.62,104.03,0.66,117.54,113.05,1,119.14,92.15,0.99
1759796811,2025-10-06,17:26:51,,106.40,104.55,0,103.02,114.97,0.31000000000000005,147.10,109.40,0.99,142.04,109.50,0.99,99.94,109.11,0.53,107.82,94.72,0.010000000000000009,110.84,97.65,0.010000000000000009,76.88,109.59,0.47,96.12,119.41,0.010000000000000009,133.62,104.03,0.69,117.54,113.05,1,119.14,92.15,0.99
1759797114,2025-10-06,17:31:54,,106.40,104.55,0,105.30,114.97,0.36,147.10,109.40,0.99,142.04,109.50,0.99,99.94,109.11,0.54,107.82,94.72,0.010000000000000009,110.84,97.65,0.010000000000000009,76.88,109.59,0.45999999999999996,96.12,119.41,0.010000000000000009,133.62,104.03,0.64,117.54,113.05,1,119.14,92.15,0.99
1759797416,2025-10-06,17:36:56,,106.40,104.55,0,105.30,114.97,0.32999999999999996,147.10,109.40,0.99,142.04,109.50,0.99,99.94,109.11,0.52,107.82,94.72,0.010000000000000009,110.84,97.65,0.010000000000000009,78.10,109.59,0.48,96.12,119.41,0.010000000000000009,133.62,104.03,0.67,117.54,113.05,1,119.14,92.15,0.99
1759797719,2025-10-06,17:41:59,,106.40,104.55,0,105.30,114.97,0.32000000000000006,147.10,109.40,0.99,142.04,109.50,0.99,99.94,109.11,0.45999999999999996,107.82,94.72,0.010000000000000009,110.84,97.65,0.010000000000000009,79.98,109.59,0.54,96.12,119.41,0.010000000000000009,133.62,104.03,0.6799999999999999,117.54,113.05,1,119.14,92.15,0.99
1759798021,2025-10-06,17:47:01,,106.40,104.55,0,105.30,114.97,0.30000000000000004,148.10,109.40,0.99,142.04,109.50,0.99,99.94,109.11,0.37,107.82,94.72,0.010000000000000009,110.84,97.65,0.010000000000000009,84.06,109.59,0.63,102.82,119.41,0.010000000000000009,133.62,104.03,0.7,117.54,113.05,1,119.14,92.15,0.99
1759798323,2025-10-06,17:52:03,,106.40,104.55,0,109.96,114.97,0.39,148.10,109.40,0.99,142.04,109.50,0.99,102.64,109.11,0.5,107.82,94.72,0.010000000000000009,110.84,97.65,0.010000000000000009,84.06,109.59,0.5,102.82,119.41,0.010000000000000009,133.62,104.03,0.61,117.54,113.05,1,119.94,92.15,0.99
1759798625,2025-10-06,17:57:05,,106.40,104.55,0,110.36,114.97,0.38,148.10,109.40,0.99,142.04,109.50,0.99,102.64,109.11,0.52,107.82,94.72,0.010000000000000009,110.84,97.65,0.010000000000000009,84.06,109.59,0.48,102.82,119.41,0.010000000000000009,133.62,104.03,0.62,117.54,113.05,1,120.84,92.15,0.99
1759798927,2025-10-06,18:02:07,,106.40,104.55,0,108.26,114.97,0.29000000000000004,148.10,109.40,0.99,142.04,109.50,0.99,102.64,109.11,0.5,107.82,94.72,0.010000000000000009,110.84,97.65,0.010000000000000009,85.26,109.59,0.5,102.82,119.41,0.010000000000000009,133.62,104.03,0.71,117.54,113.05,1,120.84,92.15,0.99
1759799231,2025-10-06,18:07:11,,106.40,104.55,0,108.26,114.97,0.26,149.10,109.40,0.99,142.04,109.50,0.99,102.64,109.11,0.26,107.82,94.72,0.010000000000000009,110.84,97.65,0.010000000000000009,94.16,109.59,0.74,102.82,119.41,0.010000000000000009,133.62,104.03,0.74,117.54,113.05,1,120.84,92.15,0.99
1759799533,2025-10-06,18:12:13,,106.40,104.55,0,108.26,114.97,0.22999999999999998,149.10,109.40,0.99,142.04,109.50,0.99,102.64,109.11,0.27,107.82,94.72,0.010000000000000009,110.84,97.65,0.010000000000000009,94.16,109.59,0.73,102.82,119.41,0.010000000000000009,133.62,104.03,0.77,117.54,113.05,1,121.04,92.15,0.99
1759799836,2025-10-06,18:17:16,,106.40,104.55,0,111.94,114.97,0.28,149.10,109.40,0.99,142.04,109.50,0.99,102.64,109.11,0.30000000000000004,107.82,94.72,0.010000000000000009,110.84,97.65,0.010000000000000009,94.16,109.59,0.7,102.82,119.41,0.010000000000000009,133.62,104.03,0.72,117.54,113.05,1,121.04,92.15,0.99
1759800139,2025-10-06,18:22:19,,106.40,104.55,0,116.06,114.97,0.38,149.10,109.40,0.99,142.04,109.50,0.99,102.64,109.11,0.35,107.82,94.72,0.010000000000000009,110.84,97.65,0.010000000000000009,94.16,109.59,0.65,102.82,119.41,0.010000000000000009,133.62,104.03,0.62,117.54,113.05,1,122.24,92.15,0.99
1759800441,2025-10-06,18:27:21,,106.40,104.55,0,116.06,114.97,0.37,149.10,109.40,0.99,142.04,109.50,0.99,102.64,109.11,0.37,107.82,94.72,0.010000000000000009,110.84,97.65,0.010000000000000009,93.82,109.59,0.63,102.82,119.41,0.010000000000000009,133.62,104.03,0.63,117.54,113.05,1,122.24,92.15,0.99
1759800743,2025-10-06,18:32:23,,106.40,104.55,0,118.38,114.97,0.42999999999999994,149.10,109.40,0.99,142.04,109.50,0.99,102.64,109.11,0.37,107.82,94.72,0.010000000000000009,110.84,97.65,0.010000000000000009,94.14,109.59,0.63,102.82,119.41,0.010000000000000009,133.62,104.03,0.5700000000000001,117.54,113.05,1,122.24,92.15,0.99
1759801046,2025-10-06,18:37:26,,106.40,104.55,0,118.90,114.97,0.43999999999999995,149.10,109.40,0.99,142.04,109.50,0.99,102.64,109.11,0.38,107.82,94.72,0.010000000000000009,110.84,97.65,0.010000000000000009,94.14,109.59,0.62,102.82,119.41,0.010000000000000009,133.62,104.03,0.56,117.54,113.05,1,122.24,92.15,0.99
1759801348,2025-10-06,18:42:28,,106.40,104.55,0,118.90,114.97,0.43999999999999995,149.10,109.40,0.99,142.04,109.50,0.99,102.64,109.11,0.38,107.82,94.72,0.010000000000000009,110.84,97.65,0.010000000000000009,94.14,109.59,0.62,102.82,119.41,0.010000000000000009,133.62,104.03,0.56,117.54,113.05,1,122.24,92.15,0.99
1759801650,2025-10-06,18:47:30,,106.40,104.55,0,118.90,114.97,0.43999999999999995,149.10,109.40,0.99,142.04,109.50,0.99,102.64,109.11,0.38,107.82,94.72,0.010000000000000009,110.84,97.65,0.010000000000000009,94.14,109.59,0.62,102.82,119.41,0.010000000000000009,133.62,104.03,0.56,117.54,113.05,1,122.24,92.15,0.99
1759801952,2025-10-06,18:52:32,,106.40,104.55,0,118.90,114.97,0.41000000000000003,149.10,109.40,0.99,142.04,109.50,0.99,102.64,109.11,0.39,107.82,94.72,0.010000000000000009,110.84,97.65,0.010000000000000009,94.46,109.59,0.61,104.12,119.41,0.010000000000000009,133.62,104.03,0.59,117.54,113.05,1,122.24,92.15,0.99
1759802255,2025-10-06,18:57:35,,106.40,104.55,0,121.22,114.97,0.42999999999999994,149.10,109.40,0.99,142.04,109.50,0.99,102.64,109.11,0.43999999999999995,107.82,94.72,0.010000000000000009,110.84,97.65,0.010000000000000009,94.46,109.59,0.56,104.12,119.41,0.010000000000000009,133.62,104.03,0.5700000000000001,117.54,113.05,1,124.24,92.15,0.99
1759802558,2025-10-06,19:02:38,,106.40,104.55,0,128.22,114.97,0.72,149.10,109.40,0.99,142.04,109.50,0.99,102.64,109.11,0.44999999999999996,107.82,94.72,0.010000000000000009,110.84,97.65,0.010000000000000009,94.46,109.59,0.55,104.12,119.41,0.010000000000000009,133.62,104.03,0.28,117.54,113.05,1,124.24,92.15,0.99
1759802860,2025-10-06,19:07:40,,106.40,104.55,0,128.22,114.97,0.67,149.10,109.40,0.99,142.04,109.50,0.99,102.64,109.11,0.33999999999999997,107.82,94.72,0.010000000000000009,110.84,97.65,0.010000000000000009,98.58,109.59,0.66,104.12,119.41,0.010000000000000009,133.62,104.03,0.32999999999999996,117.54,113.05,1,124.24,92.15,0.99
1759803163,2025-10-06,19:12:43,,106.40,104.55,0,128.22,114.97,0.62,149.10,109.40,0.99,142.04,109.50,0.99,102.64,109.11,0.41000000000000003,107.82,94.72,0.010000000000000009,110.84,97.65,0.010000000000000009,97.58,109.59,0.59,104.12,119.41,0.010000000000000009,133.62,104.03,0.38,117.54,113.05,1,124.24,92.15,0.99
1759803465,2025-10-06,19:17:45,,106.40,104.55,0,128.22,114.97,0.59,149.10,109.40,0.99,142.04,109.50,0.99,102.64,109.11,0.17999999999999994,107.82,94.72,0.010000000000000009,110.84,97.65,0.010000000000000009,103.26,109.59,0.8200000000000001,104.12,119.41,0.010000000000000009,133.62,104.03,0.41000000000000003,117.54,113.05,1,124.24,92.15,0.99
1759803768,2025-10-06,19:22:48,,106.40,104.55,0,128.22,114.97,0.5700000000000001,149.10,109.40,0.99,142.04,109.50,0.99,102.64,109.11,0.17999999999999994,107.82,94.72,0.010000000000000009,110.84,97.65,0.010000000000000009,103.26,109.59,0.8200000000000001,104.12,119.41,0.010000000000000009,133.62,104.03,0.42999999999999994,117.54,113.05,1,124.24,92.15,0.99
1759804070,2025-10-06,19:27:50,,106.40,104.55,0,128.22,114.97,0.54,149.10,109.40,0.99,142.04,109.50,0.99,102.64,109.11,0.16999999999999993,107.82,94.72,0.010000000000000009,110.84,97.65,0.010000000000000009,104.66,109.59,0.8300000000000001,104.12,119.41,0.010000000000000009,133.62,104.03,0.45999999999999996,117.54,113.05,1,124.24,92.15,0.99
1759804372,2025-10-06,19:32:52,,106.40,104.55,0,126.34,114.97,0.38,149.10,109.40,0.99,142.04,109.50,0.99,102.64,109.11,0.13,107.82,94.72,0.010000000000000009,110.84,97.65,0.010000000000000009,105.22,109.59,0.87,106.02,119.41,0.010000000000000009,133.62,104.03,0.62,117.54,113.05,1,124.24,92.15,0.99
1759804674,2025-10-06,19:37:54,,106.40,104.55,0,126.34,114.97,0.36,150.10,109.40,0.99,142.04,109.50,0.99,102.64,109.11,0.13,107.82,94.72,0.010000000000000009,110.84,97.65,0.010000000000000009,105.22,109.59,0.87,106.02,119.41,0.010000000000000009,133.62,104.03,0.64,117.54,113.05,1,125.04,92.15,0.99
1759804977,2025-10-06,19:42:57,,106.40,104.55,0,126.84,114.97,0.26,150.10,109.40,0.99,142.04,109.50,0.99,102.64,109.11,0.16999999999999993,107.82,94.72,0.010000000000000009,110.84,97.65,0.010000000000000009,105.22,109.59,0.8300000000000001,106.02,119.41,0.010000000000000009,133.62,104.03,0.74,117.54,113.05,1,125.64,92.15,0.99
1759805279,2025-10-06,19:47:59,,106.40,104.55,0,126.84,114.97,0.22999999999999998,150.10,109.40,0.99,142.04,109.50,0.99,102.64,102.38,0.07000000000000006,107.82,94.72,0.010000000000000009,110.84,97.65,0.010000000000000009,106.72,109.59,0.9299999999999999,106.02,119.41,0.010000000000000009,133.62,104.03,0.77,117.54,113.05,1,125.64,92.15,0.99
1759805581,2025-10-06,19:53:01,,106.40,104.55,0,126.84,114.97,0.010000000000000009,150.10,109.40,0.99,142.04,109.50,0.99,102.64,102.38,0.010000000000000009,107.82,94.72,0.010000000000000009,110.84,97.65,0.010000000000000009,108.46,109.59,0.99,107.62,119.41,0.010000000000000009,133.62,104.03,0.99,117.54,113.05,1,125.64,92.15,0.99
1759805883,2025-10-06,19:58:03,,106.40,104.55,0,126.84,114.97,0.010000000000000009,150.10,109.40,0.99,142.04,109.50,0.99,102.64,102.38,0.010000000000000009,107.82,94.72,0.010000000000000009,110.84,97.65,0.010000000000000009,110.26,109.59,0.99,107.62,119.41,0.010000000000000009,133.62,104.03,0.99,117.54,113.05,1,125.64,92.15,0.99
1759806185,2025-10-06,20:03:05,,106.40,104.55,0,132.56,114.97,0.37,151.10,109.40,0.99,142.04,109.50,0.99,102.64,102.38,0.010000000000000009,107.82,94.72,0.010000000000000009,110.84,97.65,0.010000000000000009,110.26,109.59,0.99,107.62,119.41,0.010000000000000009,133.62,104.03,0.63,117.54,113.05,1,125.64,92.15,0.99
1759806487,2025-10-06,20:08:07,,106.40,104.55,0,133.16,114.97,0.44999999999999996,151.10,109.40,0.99,142.04,109.50,0.99,102.64,102.38,0.010000000000000009,107.82,94.72,0.010000000000000009,110.84,97.65,0.010000000000000009,110.26,109.59,0.99,107.62,119.41,0.010000000000000009,133.62,104.03,0.55,117.54,113.05,1,125.64,92.15,0.99
1759806792,2025-10-06,20:13:12,,106.40,104.55,0,139.26,114.97,0.99,151.10,109.40,0.99,142.04,109.50,0.99,102.64,102.38,0.010000000000000009,107.82,94.72,0.010000000000000009,110.84,97.65,0.010000000000000009,110.26,109.59,0.99,107.62,119.41,0.010000000000000009,133.62,104.03,0.01,117.54,113.05,1,125.64,92.15,0.99
